Driver,Lap,LapTime,Sector1,Sector2,Sector3,MaxSpeed,AvgSpeed,MinSpeed,MaxThrottle,AvgThrottle,MinThrottle,MaxBrake,AvgBrake,BrakingSamples,MinGear,MaxGear,MostUsedGear,GearChanges,MaxRPM,AvgRPM,MinRPM,DRSUsage,TelemetrySamples
VER,1,90.354,,31.144,28.856,328.0,217.39789016239976,0.0,100.0,69.4208228476431,0.0,True,0.1676300578034682,116,1,8,8,50,12094.0,10399.303363125893,4259.0,0.0,692
VER,2,86.17,28.048,29.474,28.648,336.0,240.47762383740982,68.0,100.0,69.79264909125149,0.0,True,0.18448023426061494,126,2,8,8,38,11978.0,10479.190577263202,6034.0,9.224011713030746,683
VER,3,85.855,27.731,29.496,28.628,345.0,240.89542945979053,68.0,100.0,71.2098554238992,0.0,True,0.1781874039938556,116,2,8,8,37,12205.0,10439.17610939673,6120.0,17.050691244239633,651
VER,4,85.633,27.884,29.335,28.414,335.0,241.1183914137642,69.0,100.0,72.51636251642364,0.0,True,0.17095310136157338,113,2,8,8,33,11920.0,10442.590339793678,6262.0,0.0,661
VER,5,85.218,27.721,29.22,28.277,342.0,243.4665950821044,70.0,100.0,73.11859664537158,0.0,True,0.1641337386018237,108,2,8,8,35,12165.0,10450.644809388252,5800.0,8.662613981762918,658
VER,6,85.096,27.832,29.054,28.21,332.0,242.03914221266285,70.0,100.0,72.12141649728291,0.0,True,0.15326251896813353,101,2,8,8,32,11920.0,10406.597933615774,5157.0,0.0,659
VER,7,85.042,27.771,28.994,28.277,332.0,241.34396015470708,71.0,100.0,72.78532747644641,0.0,True,0.16304347826086957,105,2,8,8,35,11848.0,10423.106143226052,5209.0,0.0,644
VER,8,84.918,27.712,29.036,28.17,334.0,243.4886464728341,70.0,100.0,73.45132531930612,0.0,True,0.1606864274570983,103,2,8,8,32,11864.0,10457.249580971047,5623.0,0.0,641
VER,9,85.05,27.909,28.956,28.185,333.0,242.40061912338223,70.0,100.0,73.90761082129849,0.0,True,0.17465224111282843,113,2,8,8,33,11884.0,10452.911387335342,5843.0,0.0,647
VER,10,84.964,27.82,29.008,28.136,332.0,244.0667476101873,71.0,100.0,73.60071882364777,0.0,True,0.15902140672782875,104,2,8,8,33,11868.0,10461.442749430038,5584.0,0.0,654
VER,11,84.978,27.799,28.99,28.189,331.0,243.08932067748455,69.0,100.0,74.37009159580836,0.0,True,0.15821812596006143,103,2,8,8,34,11796.0,10444.726428479791,5486.0,0.0,651
VER,12,84.968,27.821,28.994,28.153,333.0,245.0363641575803,69.0,100.0,73.98011756091482,0.0,True,0.16149068322981366,104,2,8,8,35,11863.0,10458.64393891275,5336.0,0.0,644
VER,13,84.957,27.806,28.95,28.201,332.0,244.27210542407323,69.0,100.0,74.90863799154495,0.0,True,0.16434108527131783,106,2,8,8,34,11960.0,10504.454392618818,5769.0,0.0,645
VER,14,85.287,27.749,29.246,28.292,334.0,242.91590740623232,68.0,100.0,74.26045686549666,0.0,True,0.15668202764976957,102,2,8,8,32,11979.0,10473.49172440056,5508.0,0.0,651
VER,15,85.746,27.726,29.288,28.732,340.0,242.79878853877509,67.0,100.0,72.3915614412464,0.0,True,0.17585692995529062,118,2,8,8,35,11990.0,10502.280648852724,5376.0,18.330849478390462,671
VER,16,85.244,27.735,29.177,28.332,333.0,241.89068409219203,67.0,100.0,72.98361538220742,0.0,True,0.15193798449612403,98,2,8,8,34,11898.0,10432.032010005054,5809.0,8.992248062015504,645
VER,17,85.34,27.864,29.212,28.264,329.0,242.65314049602975,66.0,100.0,74.64722742131146,0.0,True,0.14939024390243902,98,2,8,8,33,11849.0,10454.39301179298,5675.0,0.0,656
VER,18,85.469,27.813,29.236,28.42,329.0,242.57002002394384,67.0,100.0,74.70219121403966,0.0,True,0.15863141524105753,102,2,8,8,32,11908.0,10497.37660314237,5940.0,0.0,643
VER,19,85.537,27.81,29.369,28.358,331.0,241.49219284324994,69.0,100.0,74.8830976507413,0.0,True,0.14263565891472868,92,2,8,8,32,11924.0,10400.458999810737,5927.0,0.0,645
VER,20,85.559,27.938,29.183,28.438,328.0,243.84472781696445,69.0,100.0,75.18064485459497,0.0,True,0.15288611544461778,98,2,8,8,32,11797.0,10423.75310307706,5586.0,0.0,641
LEC,1,88.179,,29.989,28.398,320.0,222.43184296153282,0.0,100.0,73.2371129603876,0.0,True,0.18851251840942562,128,1,8,8,47,12075.0,10480.22782723841,4604.0,0.0,679
LEC,2,85.396,27.707,29.265,28.424,334.0,240.42818478699382,67.0,100.0,75.34457130651863,0.0,True,0.20149253731343283,135,2,8,8,41,11968.0,10656.55447057561,5958.0,10.0,670
LEC,3,85.179,27.679,29.001,28.499,341.0,242.07274033150352,66.0,100.0,75.48256259774479,0.0,True,0.1574074074074074,102,2,8,8,39,12151.0,10729.893907440679,5805.0,18.209876543209877,648
LEC,4,84.81,27.653,28.883,28.274,341.0,244.28686322139322,67.0,100.0,74.881368371014,0.0,True,0.17378048780487804,114,2,8,8,43,12098.0,10734.166339908299,5937.0,18.75,656
LEC,5,84.603,27.63,28.79,28.183,339.0,244.40101757081467,68.0,100.0,75.27993879547297,0.0,True,0.1735159817351598,114,2,8,8,40,12133.0,10769.557861496718,5936.0,17.80821917808219,657
LEC,6,84.663,27.596,28.945,28.122,341.0,243.58224738717865,66.0,100.0,75.51094272042769,0.0,True,0.1633587786259542,107,2,8,8,39,12148.0,10801.2741167717,5808.0,18.16793893129771,655
LEC,7,84.434,27.645,28.701,28.088,340.0,245.2795163804157,66.0,100.0,77.49455805224237,0.0,True,0.15566037735849056,99,2,8,8,39,12073.0,10794.991562031499,5797.0,19.025157232704405,636
LEC,8,84.569,27.557,28.771,28.241,340.0,243.74113554530265,69.0,100.0,76.8199370565091,0.0,True,0.14797507788161993,95,2,8,8,38,12091.0,10751.447378738525,6025.0,19.937694704049843,642
LEC,9,84.362,27.542,28.781,28.039,341.0,243.7461859706541,69.0,100.0,76.76663830778521,0.0,True,0.16037735849056603,102,2,8,8,39,12176.0,10778.27114647676,6144.0,18.553459119496853,636
LEC,10,84.432,27.515,28.84,28.077,342.0,246.20482206255718,64.0,100.0,76.04945284187272,0.0,True,0.16640986132511557,108,2,8,8,40,12301.0,10869.11953717246,5622.0,20.184899845916796,649
LEC,11,84.846,27.633,28.951,28.262,333.0,246.52094556332287,68.0,100.0,78.49361315878562,0.0,True,0.16307692307692306,106,2,8,8,39,12081.0,10781.230938775421,5868.0,0.0,650
LEC,12,84.916,27.68,28.971,28.265,331.0,242.54315609494444,68.0,100.0,78.10393866344775,0.0,True,0.15716486902927582,102,2,8,8,37,12008.0,10730.540999134138,6066.0,0.0,649
LEC,13,85.529,27.812,29.177,28.54,332.0,242.13029763314907,67.0,100.0,77.813913597706,0.0,True,0.15325077399380804,99,2,8,8,38,11992.0,10658.927819127366,5755.0,0.0,646
LEC,14,85.606,27.839,29.217,28.55,331.0,240.3449766228239,66.0,100.0,77.90636132460082,0.0,True,0.1506849315068493,99,2,8,8,35,11898.0,10634.624698913833,5939.0,0.0,657
LEC,15,90.192,28.034,29.361,32.797,330.0,228.17102457107998,63.0,100.0,73.99593853956635,0.0,True,0.19400855920114124,136,2,8,8,38,12032.0,10392.802860353444,5639.0,0.0,701
LEC,16,104.888,47.985,28.75,28.153,320.0,198.97679236094297,0.0,100.0,70.57141024954937,0.0,True,0.19125,153,1,8,8,47,12167.0,9883.874670249952,3545.0,0.0,800
LEC,17,84.27,27.458,28.73,28.082,334.0,247.61239705952897,67.0,100.0,77.72773311966166,0.0,True,0.19047619047619047,124,2,8,8,38,12003.0,10752.05696152366,6143.0,0.0,651
LEC,18,83.875,27.408,28.571,27.896,340.0,248.9705810613818,67.0,100.0,76.75754591960666,0.0,True,0.17041800643086816,106,2,8,8,35,12085.0,10736.267265951908,5876.0,9.807073954983924,622
LEC,19,84.203,27.354,28.722,28.127,343.0,245.83507246993696,69.0,100.0,76.57430662907507,0.0,True,0.15772870662460567,100,2,8,8,35,12216.0,10722.47678233437,6156.0,20.031545741324923,634
LEC,20,83.826,27.483,28.623,27.72,335.0,245.77164210129354,68.0,100.0,76.06747741831263,0.0,True,0.1871069182389937,119,2,8,8,34,11951.0,10721.76237332099,5933.0,10.377358490566039,636
NOR,1,88.971,,31.051,28.624,323.0,221.2772804823887,0.0,100.0,71.25423973015307,0.0,True,0.16909620991253643,116,1,8,8,46,12242.0,10416.61706867543,3791.0,0.0,686
NOR,2,85.458,27.676,29.408,28.374,340.0,240.27495467852842,65.0,99.0,70.33744416752646,0.0,True,0.16542473919523099,111,2,8,8,43,12372.0,10695.090745081798,5573.0,9.538002980625931,671
NOR,3,85.11,27.513,29.381,28.216,348.0,242.37856550460248,66.0,99.0,68.74177407816298,0.0,True,0.16253869969040247,105,2,8,8,44,12717.0,10730.002723190972,5919.0,8.359133126934983,646
NOR,4,85.168,27.638,29.468,28.062,344.0,243.1732341901797,68.0,100.0,70.7507177879653,0.0,True,0.15606060606060607,103,2,8,8,45,12271.0,10703.347424144704,5910.0,7.878787878787878,660
NOR,5,84.674,27.524,29.143,28.007,339.0,244.22928985620473,68.0,99.0,70.33399877649654,0.0,True,0.15114503816793892,99,2,8,8,43,12339.0,10728.199582950921,5976.0,0.0,655
NOR,6,84.768,27.75,29.004,28.014,337.0,242.79544002266533,70.0,99.0,71.60417587932511,0.0,True,0.14786585365853658,97,2,8,8,42,12468.0,10733.589615328141,6086.0,0.0,656
NOR,7,84.531,27.587,28.963,27.981,340.0,244.26348655037978,68.0,99.0,72.1058519724163,0.0,True,0.14890282131661442,95,2,8,8,40,12158.0,10703.118154297339,6064.0,0.0,638
NOR,8,84.674,27.651,28.986,28.037,337.0,242.82644571250603,66.0,99.0,72.49052252108277,0.0,True,0.15085536547433903,97,2,8,8,41,12052.0,10669.853938373688,5997.0,0.0,643
NOR,9,84.664,27.658,28.998,28.008,337.0,243.07928973141165,65.0,99.0,71.51645546557239,0.0,True,0.16012558869701726,102,2,8,8,42,11939.0,10676.944694313508,5633.0,0.0,637
NOR,10,84.391,27.54,28.898,27.953,337.0,246.83331512435305,64.0,100.0,73.69448588722338,0.0,True,0.1411042944785276,92,2,8,8,40,12278.0,10757.720944137669,6025.0,0.0,652
NOR,11,84.448,27.574,28.908,27.966,336.0,247.82409667528535,71.0,100.0,74.32060161198247,0.0,True,0.1437403400309119,93,2,8,8,43,12231.0,10811.907077213835,6415.0,0.0,647
NOR,12,84.655,27.666,28.925,28.064,336.0,242.94437183423642,68.0,100.0,72.31935324356739,0.0,True,0.14440993788819875,93,2,8,8,43,12272.0,10739.094404281432,5812.0,0.0,644
NOR,13,85.359,27.854,29.182,28.323,337.0,242.14007104804224,64.0,100.0,72.79018590657205,0.0,True,0.14883720930232558,96,2,8,8,41,12354.0,10707.218366627892,5670.0,0.0,645
NOR,14,89.417,27.752,29.105,32.56,346.0,229.52608612530906,66.0,100.0,67.40062944749533,0.0,True,0.18248175182481752,125,2,8,8,46,12184.0,10515.576655306606,5824.0,16.4963503649635,685
NOR,15,103.84,47.124,28.866,27.85,326.0,201.01577858828333,0.0,100.0,66.72589968375007,0.0,True,0.16604244694132334,133,1,8,8,51,12334.0,9989.471496868078,4077.0,0.0,801
NOR,16,84.154,27.403,28.918,27.833,333.0,247.01761381562548,71.0,100.0,72.91803943941737,0.0,True,0.13137557959814528,85,2,8,8,43,12222.0,10811.63105870556,6325.0,0.0,647
NOR,17,85.585,27.663,29.214,28.708,331.0,242.7733717479506,70.0,99.0,67.73984203791396,0.0,True,0.15582450832072617,103,2,8,8,45,12109.0,10746.659941850385,6426.0,4.992435703479576,661
NOR,18,83.92,27.388,28.784,27.748,345.0,248.0241146979647,67.0,99.0,71.34871664738583,0.0,True,0.16185897435897437,101,2,8,8,42,12239.0,10783.954755379147,5925.0,8.333333333333332,624
NOR,19,84.152,27.493,28.937,27.722,335.0,245.5367873428629,66.0,99.0,72.25535894355434,0.0,True,0.14353312302839116,91,2,8,8,41,11843.0,10665.64181009543,6005.0,0.0,634
NOR,20,83.882,27.463,28.773,27.646,337.0,245.23035472833982,69.0,100.0,71.81703677997194,0.0,True,0.13679245283018868,87,2,8,8,41,12178.0,10730.977602260104,6078.0,0.0,636
PIA,1,87.623,,30.021,28.254,329.0,224.78276666787164,0.0,99.0,73.07890949410638,0.0,True,0.129080118694362,87,1,8,8,38,12290.0,10325.107081549786,3701.0,0.0,674
PIA,2,85.116,27.751,29.311,28.054,329.0,241.6865683486898,68.0,100.0,73.23202432225527,0.0,True,0.14925373134328357,100,2,8,8,35,11794.0,10512.034653148623,5983.0,0.0,670
PIA,3,85.261,27.67,29.271,28.32,331.0,242.463147317931,69.0,100.0,74.95609231006591,0.0,True,0.12808641975308643,83,2,8,8,32,11858.0,10521.55693203189,6228.0,0.0,648
PIA,4,84.695,27.672,28.825,28.198,328.0,244.24641947891257,71.0,100.0,74.45685710310835,0.0,True,0.13190184049079753,86,2,8,8,31,11824.0,10503.806295603465,6276.0,0.0,652
PIA,5,84.66,27.701999999999998,28.906,28.052,330.0,244.49531981807755,70.0,100.0,75.28036111282793,0.0,True,0.12291350531107739,81,2,8,8,33,11873.0,10494.530569679835,6228.0,0.0,659
PIA,6,84.603,27.799,28.807,27.997,329.0,243.99838682752875,70.0,100.0,75.39700390716422,0.0,True,0.13567073170731708,89,2,8,8,33,11714.0,10479.803582159133,6092.0,0.0,656
PIA,7,84.418,27.738,28.574,28.106,327.0,245.65900805653797,69.0,100.0,75.6860269160585,0.0,True,0.13228346456692913,84,2,8,8,31,11821.0,10503.279576218738,6088.0,0.0,635
PIA,8,84.57,27.665,28.777,28.128,330.0,244.0148517909391,71.0,100.0,75.74989817474771,0.0,True,0.1290824261275272,83,2,8,8,32,11786.0,10491.227150273955,6116.0,0.0,643
PIA,9,84.375,27.637,28.751,27.987,331.0,244.01961037704314,70.0,100.0,74.87778084142946,0.0,True,0.12264150943396226,78,2,8,8,31,12110.0,10484.651954456041,5998.0,0.0,636
PIA,10,84.077,27.687,28.554,27.836,331.0,246.7259898408378,71.0,100.0,75.66716629598444,0.0,True,0.1391035548686244,90,2,8,8,30,11865.0,10560.950073342266,6269.0,0.0,647
PIA,11,84.247,27.6,28.726,27.921,331.0,247.19399254770352,70.0,100.0,75.247295662479,0.0,True,0.13354037267080746,86,2,8,8,30,11736.0,10544.624292368919,6139.0,0.0,644
PIA,12,84.748,27.848,28.86,28.04,329.0,244.20754822204037,70.0,100.0,76.5100360384917,0.0,True,0.11093990755007704,72,2,8,8,32,11927.0,10489.76429421693,6267.0,0.0,649
PIA,13,84.67,27.747,28.831,28.092,330.0,243.50596700085453,66.0,100.0,74.45132364901384,0.0,True,0.1265625,81,2,8,8,31,11718.0,10496.782349857962,5665.0,0.0,640
PIA,14,85.048,27.812,29.03,28.206,330.0,242.70587976690732,69.0,100.0,75.76310070854774,0.0,True,0.1267175572519084,83,2,8,8,32,12243.0,10485.51163747881,6172.0,0.0,655
PIA,15,85.166,27.84,29.099,28.227,330.0,242.3061363784018,69.0,100.0,75.53407672041453,0.0,True,0.1293759512937595,85,2,8,8,29,12113.0,10464.166046923503,6197.0,0.0,657
PIA,16,89.939,27.891,29.279,32.769,330.0,229.22803356644823,68.0,100.0,70.23178961437623,0.0,True,0.16666666666666666,114,2,8,8,33,11710.0,10223.46875852456,6166.0,0.0,684
PIA,17,104.25,46.989,29.31,27.951,322.0,199.69208559744433,0.0,100.0,64.95626830406658,0.0,True,0.16336633663366337,132,1,8,8,39,11781.0,9817.268884128423,3944.0,0.0,808
PIA,18,84.028,27.464,28.817,27.747,333.0,248.03451783235775,69.0,100.0,74.36073495891839,0.0,True,0.12841091492776885,80,2,8,8,33,11729.0,10504.021159497941,6159.0,0.0,623
PIA,19,84.602,27.593,28.979,28.03,332.0,244.23890706779284,72.0,100.0,72.67257166695474,0.0,True,0.12519561815336464,80,2,8,8,30,11781.0,10471.016890732664,6192.0,0.0,639
PIA,20,83.986,27.418,28.823,27.745,332.0,245.17084821691168,71.0,100.0,74.27139800731216,0.0,True,0.12264150943396226,78,2,8,8,32,11768.0,10493.800434498193,6273.0,0.0,636
HAM,1,89.674,,30.629,28.773,330.0,219.2339237179239,0.0,104.0,71.21784937974876,0.0,True,0.2,138,1,8,8,52,12218.0,10581.154464434894,4223.0,0.0,690
HAM,2,86.043,27.701,29.754,28.588,342.0,239.8827948208163,65.0,100.0,69.45100026823498,0.0,True,0.19469026548672566,132,2,8,8,38,12213.0,10470.138570960691,5537.0,9.144542772861357,678
HAM,3,85.63,27.495,29.688,28.447,343.0,241.3893525357902,70.0,100.0,70.4616064843798,0.0,True,0.18335901386748846,119,3,8,8,34,12248.0,10399.533180607208,5121.0,16.024653312788907,649
HAM,4,85.722,27.65,29.626,28.446,341.0,241.3222210807018,72.0,100.0,74.08998993644249,0.0,True,0.16591251885369532,110,3,8,8,33,12206.0,10439.589673111434,5286.0,8.295625942684765,663
HAM,5,84.771,27.451,29.134,28.186,339.0,244.67091134097677,69.0,100.0,75.15358515294224,0.0,True,0.1633587786259542,107,3,8,8,33,12100.0,10529.789692448761,4959.0,0.0,655
HAM,6,84.919,27.565,29.213,28.141,334.0,242.25783272845763,69.0,100.0,73.37945126339568,0.0,True,0.1643835616438356,108,2,8,8,33,11993.0,10557.228380416123,5868.0,0.0,657
HAM,7,85.205,27.635,29.267,28.303,335.0,241.89909297908287,64.0,100.0,73.70827292703648,0.0,True,0.16563467492260062,107,2,8,8,37,12055.0,10547.858528000423,5393.0,0.0,646
HAM,8,84.871,27.605,28.975,28.291,334.0,243.42930981154296,68.0,100.0,73.36734904484686,0.0,True,0.1671875,107,3,8,8,33,12049.0,10489.78718812069,5178.0,0.0,640
HAM,9,85.035,27.79,29.067,28.178,334.0,242.90480035424892,72.0,100.0,74.42124127977084,0.0,True,0.16049382716049382,104,3,8,8,33,11978.0,10510.775426661045,5369.0,0.0,648
HAM,10,84.909,27.537,29.196,28.176,335.0,243.42996189603502,68.0,100.0,75.15362282348266,0.0,True,0.14285714285714285,93,3,8,8,32,12183.0,10479.604409737281,4941.0,0.0,651
HAM,11,84.938,27.64,29.078,28.22,332.0,244.49522332001254,68.0,100.0,76.33717995454454,0.0,True,0.15313935681470137,100,3,8,8,32,12138.0,10530.907455766655,5033.0,0.0,653
HAM,12,84.932,27.672,28.987,28.273,333.0,244.24605667332477,69.0,100.0,76.01448354324211,0.0,True,0.15993788819875776,103,2,8,8,36,12132.0,10625.306751376656,5977.0,0.0,644
HAM,13,85.329,27.618,29.205,28.506,336.0,242.82407985626145,68.0,100.0,75.05221559866621,0.0,True,0.16434108527131783,106,2,8,8,34,12284.0,10609.212622350226,5752.0,0.0,645
HAM,14,85.817,27.774,29.496,28.547,335.0,242.20186329319904,65.0,100.0,77.14039845432913,0.0,True,0.16084977238239756,106,2,8,8,34,12162.0,10622.557354409471,5701.0,0.0,659
HAM,15,90.365,27.855,29.557,32.953,337.0,229.43279098164928,67.0,100.0,72.5852763172998,0.0,True,0.1906116642958748,134,2,8,8,37,12158.0,10380.676870666732,5857.0,0.0,703
HAM,16,105.664,47.705,29.604,28.355,323.0,197.48299564292324,0.0,100.0,68.20980282372986,0.0,True,0.18159203980099503,146,1,8,8,42,12323.0,9724.166344399817,3846.0,0.0,804
HAM,17,84.843,27.547,29.109,28.187,333.0,245.31727583686387,68.0,100.0,74.57955969875323,0.0,True,0.15653495440729484,103,3,8,8,30,11959.0,10445.527500230657,5131.0,0.0,658
HAM,18,84.831,27.403,29.345,28.083,341.0,243.19508397390914,70.0,100.0,73.44489591853646,0.0,True,0.16031746031746033,101,3,8,8,32,12140.0,10428.510359532293,5059.0,6.984126984126984,630
HAM,19,84.649,27.623,29.0,28.026,331.0,244.0062147681038,68.0,100.0,75.06743106517666,0.0,True,0.14873417721518986,94,3,8,8,32,11847.0,10399.85011800108,4928.0,0.0,632
HAM,20,84.64,27.535,29.101,28.004,345.0,245.82654522523308,64.0,100.0,75.52413211438235,0.0,True,0.15926493108728942,104,2,8,8,36,12459.0,10620.594073804341,5581.0,19.142419601837673,653
